﻿{
  "levels": [
    {
      "cheap": [
        [0, 5],
        [1, 5],
        [2, 4],
        [2, 5],
        [4, 2],
        [4, 9],
        [5, 0],
        [5, 1],
        [5, 2],
        [5, 8],
        [6, 8],
        [8, 5],
        [8, 6],
        [9, 4]
      ],
      "expensive": [
        [0, 1],
        [0, 2],
        [0, 3],
        [1, 0],
        [2, 0],
        [3, 0],
        [5, 9],
        [8, 9],
        [9, 5],
        [9, 8]
      ]
    },
    {
      "cheap": [
        [0, 5],
        [1, 5],
        [2, 2],
        [2, 3],
        [3, 2],
        [5, 0],
        [5, 1],
        [5, 5],
        [7, 7],
        [7, 9],
        [9, 7]
      ],
      "expensive": [
        [0, 1],
        [0, 2],
        [1, 0],
        [2, 0],
        [9, 9]
      ]
    },
    {
      "cheap": [
        [0, 7],
        [1, 2],
        [1, 7],
        [2, 1],
        [2, 7],
        [3, 5],
        [3, 7],
        [4, 6],
        [4, 8],
        [5, 3],
        [6, 4],
        [7, 0],
        [7, 1],
        [7, 2],
        [7, 3],
        [8, 4]
      ],
      "expensive": [
        [0, 6],
        [1, 1],
        [6, 0]
      ]
    },
    {
      "cheap": [
        [2, 4],
        [2, 5],
        [2, 6],
        [3, 7],
        [4, 2],
        [4, 7],
        [5, 2],
        [5, 7],
        [6, 2],
        [7, 3],
        [7, 4],
        [7, 5]
      ],
      "expensive": [
        [4, 4],
        [4, 5],
        [5, 4],
        [5, 5]
      ]
    },
    {
      "cheap": [
        [0, 4],
        [1, 5],
        [1, 6],
        [1, 7],
        [2, 8],
        [3, 6],
        [3, 8],
        [4, 0],
        [4, 5],
        [4, 8],
        [5, 1],
        [5, 4],
        [5, 8],
        [6, 1],
        [6, 3],
        [6, 8],
        [7, 1],
        [8, 2],
        [8, 3],
        [8, 4],
        [8, 5],
        [8, 6]
      ],
      "expensive": [
        [0, 3],
        [1, 1],
        [3, 0],
        [4, 4]
      ]
    },
    {
      "cheap": [
        [0, 0],
        [7, 9],
        [9, 7],
        [9, 9]
      ],
      "expensive": [
        [0, 2],
        [2, 0],
        [2, 2],
        [3, 3],
        [4, 4],
        [4, 5],
        [5, 4],
        [5, 5],
        [6, 9],
        [9, 6]
      ]
    }
  ]
}
